count,trials_14.thisRepN,trials_14.thisTrialN,trials_14.thisN,trials_14.thisIndex,Block1.thisRepN,Block1.thisTrialN,Block1.thisN,Block1.thisIndex,trials_5.thisRepN,trials_5.thisTrialN,trials_5.thisN,trials_5.thisIndex,trials.thisRepN,trials.thisTrialN,trials.thisN,trials.thisIndex,trials_7.thisRepN,trials_7.thisTrialN,trials_7.thisN,trials_7.thisIndex,trials_2.thisRepN,trials_2.thisTrialN,trials_2.thisN,trials_2.thisIndex,trials_22.thisRepN,trials_22.thisTrialN,trials_22.thisN,trials_22.thisIndex,trials_23.thisRepN,trials_23.thisTrialN,trials_23.thisN,trials_23.thisIndex,trials_6.thisRepN,trials_6.thisTrialN,trials_6.thisN,trials_6.thisIndex,trials_9.thisRepN,trials_9.thisTrialN,trials_9.thisN,trials_9.thisIndex,trials_10.thisRepN,trials_10.thisTrialN,trials_10.thisN,trials_10.thisIndex,trials_11.thisRepN,trials_11.thisTrialN,trials_11.thisN,trials_11.thisIndex,trials_12.thisRepN,trials_12.thisTrialN,trials_12.thisN,trials_12.thisIndex,trials_25.thisRepN,trials_25.thisTrialN,trials_25.thisN,trials_25.thisIndex,trials_26.thisRepN,trials_26.thisTrialN,trials_26.thisN,trials_26.thisIndex,behav_recall_instructions.thisRepN,behav_recall_instructions.thisTrialN,behav_recall_instructions.thisN,behav_recall_instructions.thisIndex,trials_4.thisRepN,trials_4.thisTrialN,trials_4.thisN,trials_4.thisIndex,trials_13.thisRepN,trials_13.thisTrialN,trials_13.thisN,trials_13.thisIndex,trials_17.thisRepN,trials_17.thisTrialN,trials_17.thisN,trials_17.thisIndex,trials_20.thisRepN,trials_20.thisTrialN,trials_20.thisN,trials_20.thisIndex,trials_18.thisRepN,trials_18.thisTrialN,trials_18.thisN,trials_18.thisIndex,trials_19.thisRepN,trials_19.thisTrialN,trials_19.thisN,trials_19.thisIndex,story_list_block1,action_list_block1,story_list_block2,action_list_block2,text_53.started,text_53.stopped,textTrigger.started,textTrigger.stopped,getTrigger.keys,getTrigger.rt,getTrigger.started,getTrigger.stopped,triggerTime,text_38.started,text_38.stopped,key_resp_8.keys,key_resp_8.rt,key_resp_8.started,key_resp_8.stopped,text_39.started,text_39.stopped,text_33.started,text_33.stopped,key_resp_5.keys,key_resp_5.rt,key_resp_5.started,key_resp_5.stopped,text_4.started,text_4.stopped,image.started,image.stopped,text_5.started,text_5.stopped,key_resp_22.keys,key_resp_22.rt,key_resp_22.started,key_resp_22.stopped,text_37.started,text_37.stopped,key_resp_7.keys,key_resp_7.rt,key_resp_7.started,key_resp_7.stopped,question1_3.started,question1_3.stopped,question2_3.started,question2_3.stopped,question3_3.started,question3_3.stopped,question4_3.started,question4_3.stopped,question5_3.started,question5_3.stopped,question6_3.started,question6_3.stopped,image_16.started,image_16.stopped,text_49.started,text_49.stopped,key_resp_15.keys,key_resp_15.rt,key_resp_15.started,key_resp_15.stopped,text_50.started,text_50.stopped,key_resp_14.keys,key_resp_14.rt,key_resp_14.started,key_resp_14.stopped,key_resp_27.keys,key_resp_27.rt,key_resp_27.started,key_resp_27.stopped,image_21.started,image_21.stopped,text.started,text.stopped,text_52.started,text_52.stopped,key_resp_16.keys,key_resp_16.rt,key_resp_16.started,key_resp_16.stopped,text_54.started,text_54.stopped,text_55.started,text_55.stopped,text_56.started,text_56.stopped,key_resp.keys,key_resp.rt,key_resp.started,key_resp.stopped,text_57.started,text_57.stopped,key_resp_17.keys,key_resp_17.rt,key_resp_17.started,key_resp_17.stopped,text_60.started,text_60.stopped,image_2.started,image_2.stopped,text_58.started,text_58.stopped,key_resp_23.keys,key_resp_23.rt,key_resp_23.started,key_resp_23.stopped,text_62.started,text_62.stopped,key_resp_18.keys,key_resp_18.rt,key_resp_18.started,key_resp_18.stopped,question1_2.started,question1_2.stopped,question2_2.started,question2_2.stopped,question3_2.started,question3_2.stopped,question4_2.started,question4_2.stopped,question5_2.started,question5_2.stopped,question6_2.started,question6_2.stopped,image_15.started,image_15.stopped,text_59.started,text_59.stopped,key_resp_19.keys,key_resp_19.rt,key_resp_19.started,key_resp_19.stopped,text_61.started,text_61.stopped,image_17.started,image_17.stopped,text_63.started,text_63.stopped,key_resp_24.keys,key_resp_24.rt,key_resp_24.started,key_resp_24.stopped,text_64.started,text_64.stopped,key_resp_20.keys,key_resp_20.rt,key_resp_20.started,key_resp_20.stopped,key_resp_28.keys,key_resp_28.rt,key_resp_28.started,key_resp_28.stopped,image_22.started,image_22.stopped,text_67.started,text_67.stopped,text_68.started,text_68.stopped,key_resp_21.keys,key_resp_21.rt,key_resp_21.started,key_resp_21.stopped,story time,text_45.started,text_45.stopped,key_resp_6.keys,key_resp_6.rt,key_resp_6.started,key_resp_6.stopped,text_70.started,text_70.stopped,text_41.started,text_41.stopped,key_resp_10.keys,key_resp_10.rt,key_resp_10.started,key_resp_10.stopped,text_42.started,text_42.stopped,text_51.started,text_51.stopped,recall_StartTime,recall_EndTime,image_18.started,image_18.stopped,text_69.started,text_69.stopped,recall_audio.filename,recall_audio.started,recall_audio.stopped,key_resp_25.keys,key_resp_25.rt,key_resp_25.started,key_resp_25.stopped,text_71.started,text_71.stopped,image_20.started,image_20.stopped,text_75.started,text_75.stopped,recall_audio_2.filename,recall_audio_2.started,recall_audio_2.stopped,key_resp_26.keys,key_resp_26.rt,key_resp_26.started,key_resp_26.stopped,participant,s1,s2,l1,l2,story_listening,play_stories,behavioral,date,expName,psychopyVersion,frameRate,
0,0,0,0,0,0,0,0,0,0,0,0,0,0,0,0,0,0,0,0,0,,,,,,,,,,,,,,,,,,,,,,,,,,,,,,,,,,,,,,,,,,,,,,,,,,,,,,,,,,,,,,,,,,,,,[13 11 31 42 24 44 33 22],[1 3 2 2 1 4 4 3],[21 23 43 32 14 34 12 41],[3 1 4 2 1 4 3 2],18.335280758095905,None,21.65240702801384,None,5,0.33626658213324845,21.65240702801384,None,6.369465582072735,22.068954148096964,None,space,0.3706758441403508,22.068954148096964,None,22.068954148096964,None,22.469622683012858,None,space,0.26787304412573576,22.469622683012858,None,23.018728035036474,None,23.018728035036474,None,23.018728035036474,None,space,0.0017380239441990852,23.018728035036474,None,23.051775227999315,None,space,0.5686885179020464,23.051775227999315,None,24.052842983044684,None,24.052842983044684,None,24.052842983044684,None,24.052842983044684,None,24.052842983044684,None,24.052842983044684,None,24.052842983044684,None,,,,,,,,,,,,,,,,,,,,,,,,,,,,,,,,,,,,,,,,,,,,,,,,,,,,,,,,,,,,,,,,,,,,,,,,,,,,,,,,,,,,,,,,,,,,,,,,,,,,,,,,,,,,,,,,,,,,,,,,,,,,,,,,,,,,,,,,,,,,,,,,,,,,,,,,,,chocolate,0,1,0,1,1,0,0,2020_Jan_06_1643,body_behavioural,3.2.1,59.937324200186914,
0,0,0,0,0,0,0,0,0,0,0,0,0,0,0,0,0,,,,,,,,,,,,,,,,,,,,,,,,,,,,,,,,,,,,,,,,,,,,,,,,,,,,,,,,,,,,,,,,,,,,,,,,,,,,,,,,,,,,,,,,,,,,,,,,,,,,25.05212892498821,None,25.05212892498821,None,25.05212892498821,None,space,0.2791417420376092,25.05212892498821,None,,,,,,,,,,,,,,,,,,,,,24.735911368159577,None,space,0.23447605082765222,24.735911368159577,None,,,,,,,,,,,,,,,,,,,,,,,,,,,,,,,,,,,,,,,,,,,,,,,,,,,,,,,,,,,,,,,,,,,,,,,,,,,,,,,,,,,,,,,,,,,,,,,,,,,,,,,,,,,,,,,,,,,,,,,,,,,,,,,,,,,,,,,,,,,,,,,,,,,,chocolate,0,1,0,1,1,0,0,2020_Jan_06_1643,body_behavioural,3.2.1,59.937324200186914,
0,0,0,0,0,0,0,0,0,0,0,0,0,,,,,,,,,,,,,,,,,0,0,0,0,,,,,,,,,,,,,,,,,,,,,,,,,,,,,,,,,,,,,,,,,,,,,,,,,,,,,,,,,,,,,,,,,,,,,,,,,,,,,,,,,,,,,,,,,,,,,,,,,,,,,,,,,,,,,,,,,,,,,,,,25.3534750060644,None,space,0.33586704987101257,25.3534750060644,None,space,0.2426016628742218,25.819633522070944,None,25.819633522070944,None,,,,,,,,,,,,,,,,,,,,,,,,,,,,,,,,,,,,,,,,,,,,,,,,,,,,,,,,,,,,,,,,,,,,,,,,,,,,,,,,,,,,,,,,,,,,,,,,,,,,,,,,,,,,,,,,,,,,,,,,,,,,,,,,,,,,,,,,chocolate,0,1,0,1,1,0,0,2020_Jan_06_1643,body_behavioural,3.2.1,59.937324200186914,
0,0,0,0,0,0,0,0,0,0,0,0,0,,,,,,,,,,,,,,,,,,,,,,,,,,,,,,,,,,,,,,,,,,,,,,,,,,,,,,,,,,,,,,,,,,,,,,,,,,,,,,,,,,,,,,,,,,,,,,,,,,,,,,,,,,,,,,,,,,,,,,,,,,,,,,,,,,,,,,,,,,,,,,,,,,,,,,,,26.08640241995454,None,26.08640241995454,None,space,0.46404945012182,26.08640241995454,None,,,,,,,,,,,,,,,,,,,,,,,,,,,,,,,,,,,,,,,,,,,,,,,,,,,,,,,,,,,,,,,,,,,,,,,,,,,,,,,,,,,,,,,,,,,,,,,,,,,,,,,,,,,,,,,,,,,,,,,,,,,,,,,,chocolate,0,1,0,1,1,0,0,2020_Jan_06_1643,body_behavioural,3.2.1,59.937324200186914,
0,0,0,0,0,0,0,0,0,,,,,,,,,,,,,,,,,,,,,,,,,,,,,,,,,,,,,,,,,,,,,,,,,,,,,,,,,,,,,,,,,,,,,,,,,,,,,,,,,,,,,,,,,,,,,,,,,,,,,,,,,,,,,,,,,,,,,,,,,,,,,,,,,,,,,,,,,,,,,,,,,,,,,,,,,,,,,,,,,,,,,,,,,,,,,,,,,,,,,,,,,,,,,,,,,,,,,,,,,,,,,,,,,,,,,,,,,,,,,,,,,,,,,,,,,,,,,,,,,,,,,,,,,,,,,,,,,,,,,,,,,,,,,,,,,,,,,,,,,,,,,,,,,,,chocolate,0,1,0,1,1,0,0,2020_Jan_06_1643,body_behavioural,3.2.1,59.937324200186914,
1,0,0,0,0,0,1,1,1,,,,,,,,,,,,,,,,,,,,,,,,,,,,,,,,,,,,,,,,,,,,,,,,,,,,,,,,,,,,,,,,,,,,,,,,,,,,,,,,,,,,,,,,,,,,,,,,,,,,,,,,,,,,,,,,,,,,,,,,,,,,,,,,,,,,,,,,,,,,,,,,,,,,,,,,,,,,,,,,,,,,,,,,,,,,,,,,,,,,,,,,,,,,,,,,,,,,,,,,,,,,,,,,,,,,,,,,,,,,,,,,,,,,,,,,,,,,,,,,,,,,,,,,,,,,,,,,,,,,,,,,,,,,,,,,,,,,,,,,,,,,,,,,,,,chocolate,0,1,0,1,1,0,0,2020_Jan_06_1643,body_behavioural,3.2.1,59.937324200186914,
2,0,0,0,0,0,2,2,2,0,0,0,0,0,0,0,0,0,0,0,0,,,,,,,,,,,,,,,,,,,,,,,,,,,,,,,,,,,,,,,,,,,,,,,,,,,,,,,,,,,,,,,,,,,,,,,,,,,,,,,,,,26.58588067209348,None,space,0.2814903249964118,26.58588067209348,None,26.58588067209348,None,26.886005375999957,None,space,0.2472828298341483,26.886005375999957,None,27.220143801998347,None,27.220143801998347,None,27.220143801998347,None,space,0.38497294299304485,27.220143801998347,None,27.636008678004146,None,space,0.2581126131117344,27.636008678004146,None,28.353241318138316,None,28.353241318138316,None,28.353241318138316,None,28.353241318138316,None,28.353241318138316,None,28.353241318138316,None,28.353241318138316,None,,,,,,,,,,,,,,,,,,,,,,,,,,,,,,,,,,,,,,,,,,,,,,,,,,,,,,,,,,,,,,,,,,,,,,,,,,,,,,,,,,,,,,,,,,,,,,,,,,,,,,,,,,,,,,,,,,,,,,,,,,,,,,,,,,,,,,,,,,,,,,,,,,,,,,,,,,chocolate,0,1,0,1,1,0,0,2020_Jan_06_1643,body_behavioural,3.2.1,59.937324200186914,
2,0,0,0,0,0,2,2,2,0,0,0,0,0,0,0,0,,,,,,,,,,,,,,,,,,,,,,,,,,,,,,,,,,,,,,,,,,,,,,,,,,,,,,,,,,,,,,,,,,,,,,,,,,,,,,,,,,,,,,,,,,,,,,,,,,,,29.002965476131067,None,29.002965476131067,None,29.002965476131067,None,space,0.17913654213771224,29.002965476131067,None,,,,,,,,,,,,,,,,,,,,,28.735758383059874,None,space,0.19752740813419223,28.735758383059874,None,,,,,,,,,,,,,,,,,,,,,,,,,,,,,,,,,,,,,,,,,,,,,,,,,,,,,,,,,,,,,,,,,,,,,,,,,,,,,,,,,,,,,,,,,,,,,,,,,,,,,,,,,,,,,,,,,,,,,,,,,,,,,,,,,,,,,,,,,,,,,,,,,,,,chocolate,0,1,0,1,1,0,0,2020_Jan_06_1643,body_behavioural,3.2.1,59.937324200186914,
2,0,0,0,0,0,2,2,2,0,0,0,0,,,,,,,,,,,,,,,,,0,0,0,0,,,,,,,,,,,,,,,,,,,,,,,,,,,,,,,,,,,,,,,,,,,,,,,,,,,,,,,,,,,,,,,,,,,,,,,,,,,,,,,,,,,,,,,,,,,,,,,,,,,,,,,,,,,,,,,,,,,,,,,,29.20249494514428,None,space,0.28964276309125125,29.20249494514428,None,space,0.35130924009718,29.585753123974428,None,29.585753123974428,None,,,,,,,,,,,,,,,,,,,,,,,,,,,,,,,,,,,,,,,,,,,,,,,,,,,,,,,,,,,,,,,,,,,,,,,,,,,,,,,,,,,,,,,,,,,,,,,,,,,,,,,,,,,,,,,,,,,,,,,,,,,,,,,,,,,,,,,,chocolate,0,1,0,1,1,0,0,2020_Jan_06_1643,body_behavioural,3.2.1,59.937324200186914,
2,0,0,0,0,0,2,2,2,0,0,0,0,,,,,,,,,,,,,,,,,,,,,,,,,,,,,,,,,,,,,,,,,,,,,,,,,,,,,,,,,,,,,,,,,,,,,,,,,,,,,,,,,,,,,,,,,,,,,,,,,,,,,,,,,,,,,,,,,,,,,,,,,,,,,,,,,,,,,,,,,,,,,,,,,,,,,,,,29.96939298301004,None,29.96939298301004,None,space,0.30961643485352397,29.96939298301004,None,,,,,,,,,,,,,,,,,,,,,,,,,,,,,,,,,,,,,,,,,,,,,,,,,,,,,,,,,,,,,,,,,,,,,,,,,,,,,,,,,,,,,,,,,,,,,,,,,,,,,,,,,,,,,,,,,,,,,,,,,,,,,,,,chocolate,0,1,0,1,1,0,0,2020_Jan_06_1643,body_behavioural,3.2.1,59.937324200186914,
2,0,0,0,0,0,2,2,2,,,,,,,,,,,,,,,,,,,,,,,,,,,,,,,,,,,,,,,,,,,,,,,,,,,,,,,,,,,,,,,,,,,,,,,,,,,,,,,,,,,,,,,,,,,,,,,,,,,,,,,,,,,,,,,,,,,,,,,,,,,,,,,,,,,,,,,,,,,,,,,,,,,,,,,,,,,,,,,,,,,,,,,,,,,,,,,,,,,,,,,,,,,,,,,,,,,,,,,,,,,,,,,,,,,,,,,,,,,,,,,,,,,,,,,,,,,,,,,,,,,,,,,,,,,,,,,,,,,,,,,,,,,,,,,,,,,,,,,,,,,,,,,,,,,chocolate,0,1,0,1,1,0,0,2020_Jan_06_1643,body_behavioural,3.2.1,59.937324200186914,
3,0,0,0,0,0,3,3,3,0,0,0,0,0,0,0,0,0,0,0,0,,,,,,,,,,,,,,,,,,,,,,,,,,,,,,,,,,,,,,,,,,,,,,,,,,,,,,,,,,,,,,,,,,,,,,,,,,,,,,,,,,30.319952955003828,None,space,0.30503727216273546,30.319952955003828,None,30.319952955003828,None,30.65249529806897,None,space,0.2634871348273009,30.65249529806897,None,31.020166685106233,None,31.020166685106233,None,31.020166685106233,None,space,0.38379276008345187,31.020166685106233,None,31.419852413004264,None,space,0.42015050910413265,31.419852413004264,None,32.1210054049734,None,32.1210054049734,None,32.1210054049734,None,32.1210054049734,None,32.1210054049734,None,32.1210054049734,None,32.1210054049734,None,,,,,,,,,,,,,,,,,,,,,,,,,,,,,,,,,,,,,,,,,,,,,,,,,,,,,,,,,,,,,,,,,,,,,,,,,,,,,,,,,,,,,,,,,,,,,,,,,,,,,,,,,,,,,,,,,,,,,,,,,,,,,,,,,,,,,,,,,,,,,,,,,,,,,,,,,,chocolate,0,1,0,1,1,0,0,2020_Jan_06_1643,body_behavioural,3.2.1,59.937324200186914,
3,0,0,0,0,0,3,3,3,0,0,0,0,0,0,0,0,,,,,,,,,,,,,,,,,,,,,,,,,,,,,,,,,,,,,,,,,,,,,,,,,,,,,,,,,,,,,,,,,,,,,,,,,,,,,,,,,,,,,,,,,,,,,,,,,,,,32.70406525302678,None,32.70406525302678,None,32.70406525302678,None,space,0.18280666787177324,32.70406525302678,None,,,,,,,,,,,,,,,,,,,,,32.469199812971056,None,space,0.18779536290094256,32.469199812971056,None,,,,,,,,,,,,,,,,,,,,,,,,,,,,,,,,,,,,,,,,,,,,,,,,,,,,,,,,,,,,,,,,,,,,,,,,,,,,,,,,,,,,,,,,,,,,,,,,,,,,,,,,,,,,,,,,,,,,,,,,,,,,,,,,,,,,,,,,,,,,,,,,,,,,chocolate,0,1,0,1,1,0,0,2020_Jan_06_1643,body_behavioural,3.2.1,59.937324200186914,
3,0,0,0,0,0,3,3,3,0,0,0,0,,,,,,,,,,,,,,,,,0,0,0,0,,,,,,,,,,,,,,,,,,,,,,,,,,,,,,,,,,,,,,,,,,,,,,,,,,,,,,,,,,,,,,,,,,,,,,,,,,,,,,,,,,,,,,,,,,,,,,,,,,,,,,,,,,,,,,,,,,,,,,,,32.90267820795998,None,space,0.23625532002188265,32.90267820795998,None,space,0.12499157804995775,33.2538364729844,None,33.2538364729844,None,,,,,,,,,,,,,,,,,,,,,,,,,,,,,,,,,,,,,,,,,,,,,,,,,,,,,,,,,,,,,,,,,,,,,,,,,,,,,,,,,,,,,,,,,,,,,,,,,,,,,,,,,,,,,,,,,,,,,,,,,,,,,,,,,,,,,,,,chocolate,0,1,0,1,1,0,0,2020_Jan_06_1643,body_behavioural,3.2.1,59.937324200186914,
3,0,0,0,0,0,3,3,3,0,0,0,0,,,,,,,,,,,,,,,,,,,,,,,,,,,,,,,,,,,,,,,,,,,,,,,,,,,,,,,,,,,,,,,,,,,,,,,,,,,,,,,,,,,,,,,,,,,,,,,,,,,,,,,,,,,,,,,,,,,,,,,,,,,,,,,,,,,,,,,,,,,,,,,,,,,,,,,,33.40326195396483,None,33.40326195396483,None,space,0.22949932399205863,33.40326195396483,None,,,,,,,,,,,,,,,,,,,,,,,,,,,,,,,,,,,,,,,,,,,,,,,,,,,,,,,,,,,,,,,,,,,,,,,,,,,,,,,,,,,,,,,,,,,,,,,,,,,,,,,,,,,,,,,,,,,,,,,,,,,,,,,,chocolate,0,1,0,1,1,0,0,2020_Jan_06_1643,body_behavioural,3.2.1,59.937324200186914,
3,0,0,0,0,0,3,3,3,,,,,,,,,,,,,,,,,,,,,,,,,,,,,,,,,,,,,,,,,,,,,,,,,,,,,,,,,,,,,,,,,,,,,,,,,,,,,,,,,,,,,,,,,,,,,,,,,,,,,,,,,,,,,,,,,,,,,,,,,,,,,,,,,,,,,,,,,,,,,,,,,,,,,,,,,,,,,,,,,,,,,,,,,,,,,,,,,,,,,,,,,,,,,,,,,,,,,,,,,,,,,,,,,,,,,,,,,,,,,,,,,,,,,,,,,,,,,,,,,,,,,,,,,,,,,,,,,,,,,,,,,,,,,,,,,,,,,,,,,,,,,,,,,,,chocolate,0,1,0,1,1,0,0,2020_Jan_06_1643,body_behavioural,3.2.1,59.937324200186914,
4,0,0,0,0,0,4,4,4,0,0,0,0,0,0,0,0,0,0,0,0,,,,,,,,,,,,,,,,,,,,,,,,,,,,,,,,,,,,,,,,,,,,,,,,,,,,,,,,,,,,,,,,,,,,,,,,,,,,,,,,,,33.67010688805021,None,space,0.2677002598065883,33.67010688805021,None,33.67010688805021,None,33.970355408033356,None,space,0.27087490097619593,33.970355408033356,None,34.31992491008714,None,34.31992491008714,None,34.31992491008714,None,space,0.2607951851096004,34.31992491008714,None,34.60258110612631,None,space,0.32826691889204085,34.60258110612631,None,35.28728386806324,None,35.28728386806324,None,35.28728386806324,None,35.28728386806324,None,35.28728386806324,None,35.28728386806324,None,35.28728386806324,None,,,,,,,,,,,,,,,,,,,,,,,,,,,,,,,,,,,,,,,,,,,,,,,,,,,,,,,,,,,,,,,,,,,,,,,,,,,,,,,,,,,,,,,,,,,,,,,,,,,,,,,,,,,,,,,,,,,,,,,,,,,,,,,,,,,,,,,,,,,,,,,,,,,,,,,,,,chocolate,0,1,0,1,1,0,0,2020_Jan_06_1643,body_behavioural,3.2.1,59.937324200186914,
4,0,0,0,0,0,4,4,4,0,0,0,0,0,0,0,0,,,,,,,,,,,,,,,,,,,,,,,,,,,,,,,,,,,,,,,,,,,,,,,,,,,,,,,,,,,,,,,,,,,,,,,,,,,,,,,,,,,,,,,,,,,,,,,,,,,,35.97072604508139,None,35.97072604508139,None,35.97072604508139,None,space,0.20418968494050205,35.97072604508139,None,,,,,,,,,,,,,,,,,,,,,35.71971274795942,None,space,0.19394401600584388,35.71971274795942,None,,,,,,,,,,,,,,,,,,,,,,,,,,,,,,,,,,,,,,,,,,,,,,,,,,,,,,,,,,,,,,,,,,,,,,,,,,,,,,,,,,,,,,,,,,,,,,,,,,,,,,,,,,,,,,,,,,,,,,,,,,,,,,,,,,,,,,,,,,,,,,,,,,,,chocolate,0,1,0,1,1,0,0,2020_Jan_06_1643,body_behavioural,3.2.1,59.937324200186914,
4,0,0,0,0,0,4,4,4,0,0,0,0,,,,,,,,,,,,,,,,,0,0,0,0,,,,,,,,,,,,,,,,,,,,,,,,,,,,,,,,,,,,,,,,,,,,,,,,,,,,,,,,,,,,,,,,,,,,,,,,,,,,,,,,,,,,,,,,,,,,,,,,,,,,,,,,,,,,,,,,,,,,,,,,36.20313517516479,None,space,0.20548492996022105,36.20313517516479,None,space,0.12608026480302215,36.52058978006244,None,36.52058978006244,None,,,,,,,,,,,,,,,,,,,,,,,,,,,,,,,,,,,,,,,,,,,,,,,,,,,,,,,,,,,,,,,,,,,,,,,,,,,,,,,,,,,,,,,,,,,,,,,,,,,,,,,,,,,,,,,,,,,,,,,,,,,,,,,,,,,,,,,,chocolate,0,1,0,1,1,0,0,2020_Jan_06_1643,body_behavioural,3.2.1,59.937324200186914,
4,0,0,0,0,0,4,4,4,0,0,0,0,,,,,,,,,,,,,,,,,,,,,,,,,,,,,,,,,,,,,,,,,,,,,,,,,,,,,,,,,,,,,,,,,,,,,,,,,,,,,,,,,,,,,,,,,,,,,,,,,,,,,,,,,,,,,,,,,,,,,,,,,,,,,,,,,,,,,,,,,,,,,,,,,,,,,,,,36.670219372957945,None,36.670219372957945,None,space,0.2603703741915524,36.670219372957945,None,,,,,,,,,,,,,,,,,,,,,,,,,,,,,,,,,,,,,,,,,,,,,,,,,,,,,,,,,,,,,,,,,,,,,,,,,,,,,,,,,,,,,,,,,,,,,,,,,,,,,,,,,,,,,,,,,,,,,,,,,,,,,,,,chocolate,0,1,0,1,1,0,0,2020_Jan_06_1643,body_behavioural,3.2.1,59.937324200186914,
4,0,0,0,0,0,4,4,4,,,,,,,,,,,,,,,,,,,,,,,,,,,,,,,,,,,,,,,,,,,,,,,,,,,,,,,,,,,,,,,,,,,,,,,,,,,,,,,,,,,,,,,,,,,,,,,,,,,,,,,,,,,,,,,,,,,,,,,,,,,,,,,,,,,,,,,,,,,,,,,,,,,,,,,,,,,,,,,,,,,,,,,,,,,,,,,,,,,,,,,,,,,,,,,,,,,,,,,,,,,,,,,,,,,,,,,,,,,,,,,,,,,,,,,,,,,,,,,,,,,,,,,,,,,,,,,,,,,,,,,,,,,,,,,,,,,,,,,,,,,,,,,,,,,chocolate,0,1,0,1,1,0,0,2020_Jan_06_1643,body_behavioural,3.2.1,59.937324200186914,
5,0,0,0,0,0,5,5,5,0,0,0,0,,,,,,,,,,,,,,,,,0,0,0,0,,,,,,,,,,,,,,,,,,,,,,,,,,,,,,,,,,,,,,,,,,,,,,,,,,,,,,,,,,,,,,,,,,,,,,37.002805260010064,None,space,0.1999856848269701,37.002805260010064,None,37.002805260010064,None,,,,,,,,,,,,,,,,,,,,,,,,,,,,,,,,,,,,,,,,,,,37.21978070004843,None,space,0.2517868129070848,37.21978070004843,None,space,0.17941202013753355,37.55281366803683,None,37.55281366803683,None,,,,,,,,,,,,,,,,,,,,,,,,,,,,,,,,,,,,,,,,,,,,,,,,,,,,,,,,,,,,,,,,,,,,,,,,,,,,,,,,,,,,,,,,,,,,,,,,,,,,,,,,,,,,,,,,,,,,,,,,,,,,,,,,,,,,,,,,chocolate,0,1,0,1,1,0,0,2020_Jan_06_1643,body_behavioural,3.2.1,59.937324200186914,
5,0,0,0,0,0,5,5,5,0,0,0,0,,,,,,,,,,,,,,,,,,,,,,,,,,,,,,,,,,,,,,,,,,,,,,,,,,,,,,,,,,,,,,,,,,,,,,,,,,,,,,,,,,,,,,,,,,,,,,,,,,,,,,,,,,,,,,,,,,,,,,,,,,,,,,,,,,,,,,,,,,,,,,,,,,,,,,,,37.769941938109696,None,37.769941938109696,None,space,0.2659511568490416,37.769941938109696,None,,,,,,,,,,,,,,,,,,,,,,,,,,,,,,,,,,,,,,,,,,,,,,,,,,,,,,,,,,,,,,,,,,,,,,,,,,,,,,,,,,,,,,,,,,,,,,,,,,,,,,,,,,,,,,,,,,,,,,,,,,,,,,,,chocolate,0,1,0,1,1,0,0,2020_Jan_06_1643,body_behavioural,3.2.1,59.937324200186914,
5,0,0,0,0,0,5,5,5,,,,,,,,,,,,,,,,,,,,,,,,,,,,,,,,,,,,,,,,,,,,,,,,,,,,,,,,,,,,,,,,,,,,,,,,,,,,,,,,,,,,,,,,,,,,,,,,,,,,,,,,,,,,,,,,,,,,,,,,,,,,,,,,,,,,,,,,,,,,,,,,,,,,,,,,,,,,,,,,,,,,,,,,,,,,,,,,,,,,,,,,,,,,,,,,,,,,,,,,,,,,,,,,,,,,,,,,,,,,,,,,,,,,,,,,,,,,,,,,,,,,,,,,,,,,,,,,,,,,,,,,,,,,,,,,,,,,,,,,,,,,,,,,,,,chocolate,0,1,0,1,1,0,0,2020_Jan_06_1643,body_behavioural,3.2.1,59.937324200186914,
6,0,0,0,0,0,6,6,6,0,0,0,0,,,,,,,,,,,,,,,,,0,0,0,0,,,,,,,,,,,,,,,,,,,,,,,,,,,,,,,,,,,,,,,,,,,,,,,,,,,,,,,,,,,,,,,,,,,,,,38.08682301803492,None,space,0.2319074049592018,38.08682301803492,None,38.08682301803492,None,,,,,,,,,,,,,,,,,,,,,,,,,,,,,,,,,,,,,,,,,,,38.3374715980608,None,space,0.3209766140207648,38.3374715980608,None,space,0.20443910779431462,38.7532414549496,None,38.7532414549496,None,,,,,,,,,,,,,,,,,,,,,,,,,,,,,,,,,,,,,,,,,,,,,,,,,,,,,,,,,,,,,,,,,,,,,,,,,,,,,,,,,,,,,,,,,,,,,,,,,,,,,,,,,,,,,,,,,,,,,,,,,,,,,,,,,,,,,,,,chocolate,0,1,0,1,1,0,0,2020_Jan_06_1643,body_behavioural,3.2.1,59.937324200186914,
6,0,0,0,0,0,6,6,6,0,0,0,0,,,,,,,,,,,,,,,,,,,,,,,,,,,,,,,,,,,,,,,,,,,,,,,,,,,,,,,,,,,,,,,,,,,,,,,,,,,,,,,,,,,,,,,,,,,,,,,,,,,,,,,,,,,,,,,,,,,,,,,,,,,,,,,,,,,,,,,,,,,,,,,,,,,,,,,,38.98696251004003,None,38.98696251004003,None,space,0.2628913540393114,38.98696251004003,None,,,,,,,,,,,,,,,,,,,,,,,,,,,,,,,,,,,,,,,,,,,,,,,,,,,,,,,,,,,,,,,,,,,,,,,,,,,,,,,,,,,,,,,,,,,,,,,,,,,,,,,,,,,,,,,,,,,,,,,,,,,,,,,,chocolate,0,1,0,1,1,0,0,2020_Jan_06_1643,body_behavioural,3.2.1,59.937324200186914,
6,0,0,0,0,0,6,6,6,,,,,,,,,,,,,,,,,,,,,,,,,,,,,,,,,,,,,,,,,,,,,,,,,,,,,,,,,,,,,,,,,,,,,,,,,,,,,,,,,,,,,,,,,,,,,,,,,,,,,,,,,,,,,,,,,,,,,,,,,,,,,,,,,,,,,,,,,,,,,,,,,,,,,,,,,,,,,,,,,,,,,,,,,,,,,,,,,,,,,,,,,,,,,,,,,,,,,,,,,,,,,,,,,,,,,,,,,,,,,,,,,,,,,,,,,,,,,,,,,,,,,,,,,,,,,,,,,,,,,,,,,,,,,,,,,,,,,,,,,,,,,,,,,,,chocolate,0,1,0,1,1,0,0,2020_Jan_06_1643,body_behavioural,3.2.1,59.937324200186914,
7,0,0,0,0,0,7,7,7,,,,,,,,,,,,,,,,,,,,,,,,,,,,,,,,,,,,,,,,,,,,,,,,,,,,,,,,,,,,,,,,,,,,,,,,,,,,,,,,,,,,,,,,,,,,,,,,,,,,,,,,,,,,,,,,,,,,,,,,,,,,,,,,,,,,,,,,,,,,,,,,,,,,,,,,,,,,,,,,,,,,,,,,,,,,,,,,,,,,,,,,,,,,,,,,,,,,,,,,,,,,,,,,,,,,,,,,,,,,,,,,,,,,,,,,,,,,,,,,,,,,,,,,,,,,,,,,,,,,,,,,,,,,,,,,,,,,,,,,,,,,,,,,,,,chocolate,0,1,0,1,1,0,0,2020_Jan_06_1643,body_behavioural,3.2.1,59.937324200186914,
0,0,0,0,0,,,,,,,,,,,,,,,,,,,,,,,,,,,,,0,0,0,0,,,,,,,,,,,,,,,,,,,,,,,,,,,,,,,,,,,,,,,,,,,,,,,,,,,,,,,,,,,40.30399064300582,None,5,3.816395995207131,40.30399064300582,None,28.504385728156194,,,,,,,,,,,,,,,,,,,,,,,,,,,,,,,,,,,,,,,,,,,,,,,,,,,,,,,,,,,,,,,,,,,,,,,39.30339501495473,None,,,,,,,,,,,,,,,,,,,,,,,,,,,,,,,,,,,,,,,,,,,,,,,,,,,,,,,,,,,,,,,,,,,,,,,,,,,,,,,,,,,,,,,,,,,,,,,,,,,,,,,,,,,,,,,,,,,,,,,,,,,,,,chocolate,0,1,0,1,1,0,0,2020_Jan_06_1643,body_behavioural,3.2.1,59.937324200186914,
1,0,0,0,0,,,,,,,,,,,,,,,,,,,,,,,,,,,,,0,1,1,1,0,0,0,0,0,0,0,0,0,0,0,0,,,,,,,,,,,,,,,,,,,,,,,,,,,,,,,,,,,,,,,,,,,,,,,,,,,,,,,,,,,,,,,,,,,,,,,,,,,,,,,,,,,,,,,,,,,,,,,,,,,,,,,,,,,,,,,,,,,,,,,,,,,,,,44.18669233494438,None,44.18669233494438,None,space,0.30944439792074263,44.18669233494438,None,44.52012822800316,None,space,0.27300518308766186,44.52012822800316,None,44.87077048816718,None,44.87077048816718,None,44.87077048816718,None,space,0.1392887511756271,44.87077048816718,None,45.03722487296909,None,space,0.34490436501801014,45.03722487296909,None,45.67090841010213,None,45.67090841010213,None,45.67090841010213,None,45.67090841010213,None,45.67090841010213,None,45.67090841010213,None,45.67090841010213,None,,,,,,,,,,,,,,,,,,,,,,,,,,,,,,,,,,,,,,,,,,,,,,,,,,,,,,,,,,,,,,,,,,,,,,,,,,,,,,,,,,chocolate,0,1,0,1,1,0,0,2020_Jan_06_1643,body_behavioural,3.2.1,59.937324200186914,
1,0,0,0,0,,,,,,,,,,,,,,,,,,,,,,,,,,,,,0,1,1,1,0,0,0,0,0,0,0,0,,,,,,,,,,,,,,,,,,,,,,,,,,,,,,,,,,,,,,,,,,,,,,,,,,,,,,,,,,,,,,,,,,,,,,,,,,,,,,,,,,,,,,,,,,,,,,,,,,,,,,,,,,,,,,,,,,,,,,,,,,,,,,,,,,,,,,,,,,,,,,,,,,,,,,,,,,,,,,,,,,,,,,,,,,,,,,46.454020394943655,None,space,0.12996415211819112,46.454020394943655,None,46.65467256307602,None,46.65467256307602,None,46.65467256307602,None,space,0.250319889979437,46.65467256307602,None,,,,,,,,,,,,,,,,,,,,,,,,,,,,,,,,,,,,,,,,,,,,,,,,,,,,,,,,,,,,,,,,,,chocolate,0,1,0,1,1,0,0,2020_Jan_06_1643,body_behavioural,3.2.1,59.937324200186914,
1,0,0,0,0,,,,,,,,,,,,,,,,,,,,,,,,,,,,,0,1,1,1,0,0,0,0,,,,,,,,,,,,,,,,,0,0,0,0,,,,,,,,,,,,,,,,,,,,,,,,,,,,,,,,,,,,,,,,,,,,,,,,,,,,,,,,,,,,,,,,,,,,,,,,,,,,,,,,,,,,,,,,,,,,,,,,,,,,,,,,,,,,,,,,,,,,,,,,,,,,,,,,,,,,,,,,,,,,,,,,,,,,,,,,,,,,,,,,,,,,,,,,,,,,,,46.937529270071536,None,space,0.273439820157364,46.937529270071536,None,space,0.1924803180154413,47.337457607965916,None,47.337457607965916,None,,,,,,,,,,,,,,,,,,,,,,,,,,,,,,,,,,,,,,,,,,,,,,,,,,,,,,chocolate,0,1,0,1,1,0,0,2020_Jan_06_1643,body_behavioural,3.2.1,59.937324200186914,
1,0,0,0,0,,,,,,,,,,,,,,,,,,,,,,,,,,,,,0,1,1,1,0,0,0,0,,,,,,,,,,,,,,,,,,,,,,,,,,,,,,,,,,,,,,,,,,,,,,,,,,,,,,,,,,,,,,,,,,,,,,,,,,,,,,,,,,,,,,,,,,,,,,,,,,,,,,,,,,,,,,,,,,,,,,,,,,,,,,,,,,,,,,,,,,,,,,,,,,,,,,,,,,,,,,,,,,,,,,,,,,,,,,,,,,,,,,,,,,,,,,,,,,,,,,,,,,,,,,47.57085312809795,None,47.57085312809795,None,space,0.33240820188075304,47.57085312809795,None,,,,,,,,,,,,,,,,,,,,,,,,,,,,,,,,,,,,,,,,,,,,,,chocolate,0,1,0,1,1,0,0,2020_Jan_06_1643,body_behavioural,3.2.1,59.937324200186914,
1,0,0,0,0,,,,,,,,,,,,,,,,,,,,,,,,,,,,,0,1,1,1,,,,,,,,,,,,,,,,,,,,,,,,,,,,,,,,,,,,,,,,,,,,,,,,,,,,,,,,,,,,,,,,,,,,,,,,,,,,,,,,,,,,,,,,,,,,,,,,,,,,,,,,,,,,,,,,,,,,,,,,,,,,,,,,,,,,,,,,,,,,,,,,,,,,,,,,,,,,,,,,,,,,,,,,,,,,,,,,,,,,,,,,,,,,,,,,,,,,,,,,,,,,,,,,,,,,,,,,,,,,,,,,,,,,,,,,,,,,,,,,,,,,,,,,,,,,,,,,,,,,,,,chocolate,0,1,0,1,1,0,0,2020_Jan_06_1643,body_behavioural,3.2.1,59.937324200186914,
2,0,0,0,0,,,,,,,,,,,,,,,,,,,,,,,,,,,,,0,2,2,2,0,0,0,0,,,,,,,,,,,,,,,,,0,0,0,0,,,,,,,,,,,,,,,,,,,,,,,,,,,,,,,,,,,,,,,,,,,,,,,,,,,,,,,,,,,,,,,,,,,,,,,,,,,,,,,,,,,,,,,,,,,,,,,,,,,,,,,,,,,,,,,,,,47.97036489495076,None,47.97036489495076,None,space,0.3075109990313649,47.97036489495076,None,,,,,,,,,,,,,,,,,,,,,,,,,,,,,,,,,,,,,,,,,,,,,,,,,,,,,48.304524244973436,None,space,0.28256317786872387,48.304524244973436,None,space,0.27164317201822996,48.65423140511848,None,48.65423140511848,None,,,,,,,,,,,,,,,,,,,,,,,,,,,,,,,,,,,,,,,,,,,,,,,,,,,,,,chocolate,0,1,0,1,1,0,0,2020_Jan_06_1643,body_behavioural,3.2.1,59.937324200186914,
2,0,0,0,0,,,,,,,,,,,,,,,,,,,,,,,,,,,,,0,2,2,2,0,0,0,0,,,,,,,,,,,,,,,,,,,,,,,,,,,,,,,,,,,,,,,,,,,,,,,,,,,,,,,,,,,,,,,,,,,,,,,,,,,,,,,,,,,,,,,,,,,,,,,,,,,,,,,,,,,,,,,,,,,,,,,,,,,,,,,,,,,,,,,,,,,,,,,,,,,,,,,,,,,,,,,,,,,,,,,,,,,,,,,,,,,,,,,,,,,,,,,,,,,,,,,,,,,,,,48.954540797974914,None,48.954540797974914,None,space,0.27930116513743997,48.954540797974914,None,,,,,,,,,,,,,,,,,,,,,,,,,,,,,,,,,,,,,,,,,,,,,,chocolate,0,1,0,1,1,0,0,2020_Jan_06_1643,body_behavioural,3.2.1,59.937324200186914,
2,0,0,0,0,,,,,,,,,,,,,,,,,,,,,,,,,,,,,0,2,2,2,,,,,,,,,,,,,,,,,,,,,,,,,,,,,,,,,,,,,,,,,,,,,,,,,,,,,,,,,,,,,,,,,,,,,,,,,,,,,,,,,,,,,,,,,,,,,,,,,,,,,,,,,,,,,,,,,,,,,,,,,,,,,,,,,,,,,,,,,,,,,,,,,,,,,,,,,,,,,,,,,,,,,,,,,,,,,,,,,,,,,,,,,,,,,,,,,,,,,,,,,,,,,,,,,,,,,,,,,,,,,,,,,,,,,,,,,,,,,,,,,,,,,,,,,,,,,,,,,,,,,,,chocolate,0,1,0,1,1,0,0,2020_Jan_06_1643,body_behavioural,3.2.1,59.937324200186914,
3,0,0,0,0,,,,,,,,,,,,,,,,,,,,,,,,,,,,,0,3,3,3,0,0,0,0,0,0,0,0,0,0,0,0,,,,,,,,,,,,,,,,,,,,,,,,,,,,,,,,,,,,,,,,,,,,,,,,,,,,,,,,,,,,,,,,,,,,,,,,,,,,,,,,,,,,,,,,,,,,,,,,,,,,,,,,,,,,,,,,,,,,,,,,,,,,,,49.30373405315913,None,49.30373405315913,None,space,0.22707492299377918,49.30373405315913,None,49.554408038035035,None,space,0.27331865997985005,49.554408038035035,None,49.92109731794335,None,49.92109731794335,None,49.92109731794335,None,space,0.19991681003011763,49.92109731794335,None,50.137399988016114,None,space,0.3053502580150962,50.137399988016114,None,50.75596613297239,None,50.75596613297239,None,50.75596613297239,None,50.75596613297239,None,50.75596613297239,None,50.75596613297239,None,50.75596613297239,None,,,,,,,,,,,,,,,,,,,,,,,,,,,,,,,,,,,,,,,,,,,,,,,,,,,,,,,,,,,,,,,,,,,,,,,,,,,,,,,,,,chocolate,0,1,0,1,1,0,0,2020_Jan_06_1643,body_behavioural,3.2.1,59.937324200186914,
3,0,0,0,0,,,,,,,,,,,,,,,,,,,,,,,,,,,,,0,3,3,3,0,0,0,0,0,0,0,0,,,,,,,,,,,,,,,,,,,,,,,,,,,,,,,,,,,,,,,,,,,,,,,,,,,,,,,,,,,,,,,,,,,,,,,,,,,,,,,,,,,,,,,,,,,,,,,,,,,,,,,,,,,,,,,,,,,,,,,,,,,,,,,,,,,,,,,,,,,,,,,,,,,,,,,,,,,,,,,,,,,,,,,,,,,,,,51.52138951816596,None,space,0.19431208516471088,51.52138951816596,None,51.803973525064066,None,51.803973525064066,None,51.803973525064066,None,space,0.1636895330157131,51.803973525064066,None,,,,,,,,,,,,,,,,,,,,,,,,,,,,,,,,,,,,,,,,,,,,,,,,,,,,,,,,,,,,,,,,,,chocolate,0,1,0,1,1,0,0,2020_Jan_06_1643,body_behavioural,3.2.1,59.937324200186914,
3,0,0,0,0,,,,,,,,,,,,,,,,,,,,,,,,,,,,,0,3,3,3,0,0,0,0,,,,,,,,,,,,,,,,,0,0,0,0,,,,,,,,,,,,,,,,,,,,,,,,,,,,,,,,,,,,,,,,,,,,,,,,,,,,,,,,,,,,,,,,,,,,,,,,,,,,,,,,,,,,,,,,,,,,,,,,,,,,,,,,,,,,,,,,,,,,,,,,,,,,,,,,,,,,,,,,,,,,,,,,,,,,,,,,,,,,,,,,,,,,,,,,,,,,,,51.98731999308802,None,space,0.24336973996832967,51.98731999308802,None,space,0.1618832389358431,52.320785015122965,None,52.320785015122965,None,,,,,,,,,,,,,,,,,,,,,,,,,,,,,,,,,,,,,,,,,,,,,,,,,,,,,,chocolate,0,1,0,1,1,0,0,2020_Jan_06_1643,body_behavioural,3.2.1,59.937324200186914,
3,0,0,0,0,,,,,,,,,,,,,,,,,,,,,,,,,,,,,0,3,3,3,0,0,0,0,,,,,,,,,,,,,,,,,,,,,,,,,,,,,,,,,,,,,,,,,,,,,,,,,,,,,,,,,,,,,,,,,,,,,,,,,,,,,,,,,,,,,,,,,,,,,,,,,,,,,,,,,,,,,,,,,,,,,,,,,,,,,,,,,,,,,,,,,,,,,,,,,,,,,,,,,,,,,,,,,,,,,,,,,,,,,,,,,,,,,,,,,,,,,,,,,,,,,,,,,,,,,,52.504340830026194,None,52.504340830026194,None,space,0.2402969249524176,52.504340830026194,None,,,,,,,,,,,,,,,,,,,,,,,,,,,,,,,,,,,,,,,,,,,,,,chocolate,0,1,0,1,1,0,0,2020_Jan_06_1643,body_behavioural,3.2.1,59.937324200186914,
3,0,0,0,0,,,,,,,,,,,,,,,,,,,,,,,,,,,,,0,3,3,3,,,,,,,,,,,,,,,,,,,,,,,,,,,,,,,,,,,,,,,,,,,,,,,,,,,,,,,,,,,,,,,,,,,,,,,,,,,,,,,,,,,,,,,,,,,,,,,,,,,,,,,,,,,,,,,,,,,,,,,,,,,,,,,,,,,,,,,,,,,,,,,,,,,,,,,,,,,,,,,,,,,,,,,,,,,,,,,,,,,,,,,,,,,,,,,,,,,,,,,,,,,,,,,,,,,,,,,,,,,,,,,,,,,,,,,,,,,,,,,,,,,,,,,,,,,,,,,,,,,,,,,chocolate,0,1,0,1,1,0,0,2020_Jan_06_1643,body_behavioural,3.2.1,59.937324200186914,
4,0,0,0,0,,,,,,,,,,,,,,,,,,,,,,,,,,,,,0,4,4,4,0,0,0,0,0,0,0,0,0,0,0,0,,,,,,,,,,,,,,,,,,,,,,,,,,,,,,,,,,,,,,,,,,,,,,,,,,,,,,,,,,,,,,,,,,,,,,,,,,,,,,,,,,,,,,,,,,,,,,,,,,,,,,,,,,,,,,,,,,,,,,,,,,,,,,52.82076678308658,None,52.82076678308658,None,space,0.2588503600563854,52.82076678308658,None,53.10528289503418,None,space,0.26633730717003345,53.10528289503418,None,53.45422372012399,None,53.45422372012399,None,53.45422372012399,None,space,0.24335410818457603,53.45422372012399,None,53.721484335139394,None,space,0.3260671850293875,53.721484335139394,None,54.371005648048595,None,54.371005648048595,None,54.371005648048595,None,54.371005648048595,None,54.371005648048595,None,54.371005648048595,None,54.371005648048595,None,,,,,,,,,,,,,,,,,,,,,,,,,,,,,,,,,,,,,,,,,,,,,,,,,,,,,,,,,,,,,,,,,,,,,,,,,,,,,,,,,,chocolate,0,1,0,1,1,0,0,2020_Jan_06_1643,body_behavioural,3.2.1,59.937324200186914,
4,0,0,0,0,,,,,,,,,,,,,,,,,,,,,,,,,,,,,0,4,4,4,0,0,0,0,0,0,0,0,,,,,,,,,,,,,,,,,,,,,,,,,,,,,,,,,,,,,,,,,,,,,,,,,,,,,,,,,,,,,,,,,,,,,,,,,,,,,,,,,,,,,,,,,,,,,,,,,,,,,,,,,,,,,,,,,,,,,,,,,,,,,,,,,,,,,,,,,,,,,,,,,,,,,,,,,,,,,,,,,,,,,,,,,,,,,,54.870937338098884,None,space,0.17163542215712368,54.870937338098884,None,55.12119374307804,None,55.12119374307804,None,55.12119374307804,None,space,0.19726696284487844,55.12119374307804,None,,,,,,,,,,,,,,,,,,,,,,,,,,,,,,,,,,,,,,,,,,,,,,,,,,,,,,,,,,,,,,,,,,chocolate,0,1,0,1,1,0,0,2020_Jan_06_1643,body_behavioural,3.2.1,59.937324200186914,
4,0,0,0,0,,,,,,,,,,,,,,,,,,,,,,,,,,,,,0,4,4,4,0,0,0,0,,,,,,,,,,,,,,,,,0,0,0,0,,,,,,,,,,,,,,,,,,,,,,,,,,,,,,,,,,,,,,,,,,,,,,,,,,,,,,,,,,,,,,,,,,,,,,,,,,,,,,,,,,,,,,,,,,,,,,,,,,,,,,,,,,,,,,,,,,,,,,,,,,,,,,,,,,,,,,,,,,,,,,,,,,,,,,,,,,,,,,,,,,,,,,,,,,,,,,55.33765457011759,None,space,0.24993087304756045,55.33765457011759,None,space,0.12326453696005046,55.70511163305491,None,55.70511163305491,None,,,,,,,,,,,,,,,,,,,,,,,,,,,,,,,,,,,,,,,,,,,,,,,,,,,,,,chocolate,0,1,0,1,1,0,0,2020_Jan_06_1643,body_behavioural,3.2.1,59.937324200186914,
4,0,0,0,0,,,,,,,,,,,,,,,,,,,,,,,,,,,,,0,4,4,4,0,0,0,0,,,,,,,,,,,,,,,,,,,,,,,,,,,,,,,,,,,,,,,,,,,,,,,,,,,,,,,,,,,,,,,,,,,,,,,,,,,,,,,,,,,,,,,,,,,,,,,,,,,,,,,,,,,,,,,,,,,,,,,,,,,,,,,,,,,,,,,,,,,,,,,,,,,,,,,,,,,,,,,,,,,,,,,,,,,,,,,,,,,,,,,,,,,,,,,,,,,,,,,,,,,,,,55.854349648114294,None,55.854349648114294,None,space,0.27510165609419346,55.854349648114294,None,,,,,,,,,,,,,,,,,,,,,,,,,,,,,,,,,,,,,,,,,,,,,,chocolate,0,1,0,1,1,0,0,2020_Jan_06_1643,body_behavioural,3.2.1,59.937324200186914,
4,0,0,0,0,,,,,,,,,,,,,,,,,,,,,,,,,,,,,0,4,4,4,,,,,,,,,,,,,,,,,,,,,,,,,,,,,,,,,,,,,,,,,,,,,,,,,,,,,,,,,,,,,,,,,,,,,,,,,,,,,,,,,,,,,,,,,,,,,,,,,,,,,,,,,,,,,,,,,,,,,,,,,,,,,,,,,,,,,,,,,,,,,,,,,,,,,,,,,,,,,,,,,,,,,,,,,,,,,,,,,,,,,,,,,,,,,,,,,,,,,,,,,,,,,,,,,,,,,,,,,,,,,,,,,,,,,,,,,,,,,,,,,,,,,,,,,,,,,,,,,,,,,,,chocolate,0,1,0,1,1,0,0,2020_Jan_06_1643,body_behavioural,3.2.1,59.937324200186914,
5,0,0,0,0,,,,,,,,,,,,,,,,,,,,,,,,,,,,,0,5,5,5,0,0,0,0,,,,,,,,,,,,,,,,,0,0,0,0,,,,,,,,,,,,,,,,,,,,,,,,,,,,,,,,,,,,,,,,,,,,,,,,,,,,,,,,,,,,,,,,,,,,,,,,,,,,,,,,,,,,,,,,,,,,,,,,,,,,,,,,,,,,,,,,,,56.222083144122735,None,56.222083144122735,None,space,0.2923647540155798,56.222083144122735,None,,,,,,,,,,,,,,,,,,,,,,,,,,,,,,,,,,,,,,,,,,,,,,,,,,,,,56.53861373802647,None,space,0.30290381517261267,56.53861373802647,None,space,0.3089868950191885,56.9383868931327,None,56.9383868931327,None,,,,,,,,,,,,,,,,,,,,,,,,,,,,,,,,,,,,,,,,,,,,,,,,,,,,,,chocolate,0,1,0,1,1,0,0,2020_Jan_06_1643,body_behavioural,3.2.1,59.937324200186914,
5,0,0,0,0,,,,,,,,,,,,,,,,,,,,,,,,,,,,,0,5,5,5,0,0,0,0,,,,,,,,,,,,,,,,,,,,,,,,,,,,,,,,,,,,,,,,,,,,,,,,,,,,,,,,,,,,,,,,,,,,,,,,,,,,,,,,,,,,,,,,,,,,,,,,,,,,,,,,,,,,,,,,,,,,,,,,,,,,,,,,,,,,,,,,,,,,,,,,,,,,,,,,,,,,,,,,,,,,,,,,,,,,,,,,,,,,,,,,,,,,,,,,,,,,,,,,,,,,,,57.28861118503846,None,57.28861118503846,None,space,0.3199303529690951,57.28861118503846,None,,,,,,,,,,,,,,,,,,,,,,,,,,,,,,,,,,,,,,,,,,,,,,chocolate,0,1,0,1,1,0,0,2020_Jan_06_1643,body_behavioural,3.2.1,59.937324200186914,
5,0,0,0,0,,,,,,,,,,,,,,,,,,,,,,,,,,,,,0,5,5,5,,,,,,,,,,,,,,,,,,,,,,,,,,,,,,,,,,,,,,,,,,,,,,,,,,,,,,,,,,,,,,,,,,,,,,,,,,,,,,,,,,,,,,,,,,,,,,,,,,,,,,,,,,,,,,,,,,,,,,,,,,,,,,,,,,,,,,,,,,,,,,,,,,,,,,,,,,,,,,,,,,,,,,,,,,,,,,,,,,,,,,,,,,,,,,,,,,,,,,,,,,,,,,,,,,,,,,,,,,,,,,,,,,,,,,,,,,,,,,,,,,,,,,,,,,,,,,,,,,,,,,,chocolate,0,1,0,1,1,0,0,2020_Jan_06_1643,body_behavioural,3.2.1,59.937324200186914,
6,0,0,0,0,,,,,,,,,,,,,,,,,,,,,,,,,,,,,0,6,6,6,,,,,,,,,,,,,,,,,,,,,,,,,,,,,,,,,,,,,,,,,,,,,,,,,,,,,,,,,,,,,,,,,,,,,,,,,,,,,,,,,,,,,,,,,,,,,,,,,,,,,,,,,,,,,,,,,,,,,,,,,,,,,,,,,,,,,,,,,,,,,,,,,,,,,,,,,,,,,,,,,,,,,,,,,,,,,,,,,,,,,,,,,,,,,,,,,,,,,,,,,,,,,,,,,,,,,,,,,,,,,,,,,,,,,,,,,,,,,,,,,,,,,,,,,,,,,,,,,,,,,,,chocolate,0,1,0,1,1,0,0,2020_Jan_06_1643,body_behavioural,3.2.1,59.937324200186914,
7,0,0,0,0,,,,,,,,,,,,,,,,,,,,,,,,,,,,,0,7,7,7,0,0,0,0,0,0,0,0,0,0,0,0,,,,,,,,,,,,,,,,,,,,,,,,,,,,,,,,,,,,,,,,,,,,,,,,,,,,,,,,,,,,,,,,,,,,,,,,,,,,,,,,,,,,,,,,,,,,,,,,,,,,,,,,,,,,,,,,,,,,,,,,,,,,,,57.721231785137206,None,57.721231785137206,None,space,0.2111987948883325,57.721231785137206,None,57.95495996507816,None,space,0.3123174218926579,57.95495996507816,None,58.35432886797935,None,58.35432886797935,None,58.35432886797935,None,space,0.35013512591831386,58.35432886797935,None,58.72127602016553,None,space,0.33398892101831734,58.72127602016553,None,59.32118736812845,None,59.32118736812845,None,59.32118736812845,None,59.32118736812845,None,59.32118736812845,None,59.32118736812845,None,59.32118736812845,None,,,,,,,,,,,,,,,,,,,,,,,,,,,,,,,,,,,,,,,,,,,,,,,,,,,,,,,,,,,,,,,,,,,,,,,,,,,,,,,,,,chocolate,0,1,0,1,1,0,0,2020_Jan_06_1643,body_behavioural,3.2.1,59.937324200186914,
7,0,0,0,0,,,,,,,,,,,,,,,,,,,,,,,,,,,,,0,7,7,7,0,0,0,0,0,0,0,0,,,,,,,,,,,,,,,,,,,,,,,,,,,,,,,,,,,,,,,,,,,,,,,,,,,,,,,,,,,,,,,,,,,,,,,,,,,,,,,,,,,,,,,,,,,,,,,,,,,,,,,,,,,,,,,,,,,,,,,,,,,,,,,,,,,,,,,,,,,,,,,,,,,,,,,,,,,,,,,,,,,,,,,,,,,,,,59.971340029966086,None,space,0.15004428708925843,59.971340029966086,None,60.188107398105785,None,60.188107398105785,None,60.188107398105785,None,space,0.2100565549917519,60.188107398105785,None,,,,,,,,,,,,,,,,,,,,,,,,,,,,,,,,,,,,,,,,,,,,,,,,,,,,,,,,,,,,,,,,,,chocolate,0,1,0,1,1,0,0,2020_Jan_06_1643,body_behavioural,3.2.1,59.937324200186914,
7,0,0,0,0,,,,,,,,,,,,,,,,,,,,,,,,,,,,,0,7,7,7,0,0,0,0,,,,,,,,,,,,,,,,,0,0,0,0,,,,,,,,,,,,,,,,,,,,,,,,,,,,,,,,,,,,,,,,,,,,,,,,,,,,,,,,,,,,,,,,,,,,,,,,,,,,,,,,,,,,,,,,,,,,,,,,,,,,,,,,,,,,,,,,,,,,,,,,,,,,,,,,,,,,,,,,,,,,,,,,,,,,,,,,,,,,,,,,,,,,,,,,,,,,,,60.422207145020366,None,space,0.2279684750828892,60.422207145020366,None,space,0.24224466597661376,60.75488860812038,None,60.75488860812038,None,,,,,,,,,,,,,,,,,,,,,,,,,,,,,,,,,,,,,,,,,,,,,,,,,,,,,,chocolate,0,1,0,1,1,0,0,2020_Jan_06_1643,body_behavioural,3.2.1,59.937324200186914,
7,0,0,0,0,,,,,,,,,,,,,,,,,,,,,,,,,,,,,0,7,7,7,0,0,0,0,,,,,,,,,,,,,,,,,,,,,,,,,,,,,,,,,,,,,,,,,,,,,,,,,,,,,,,,,,,,,,,,,,,,,,,,,,,,,,,,,,,,,,,,,,,,,,,,,,,,,,,,,,,,,,,,,,,,,,,,,,,,,,,,,,,,,,,,,,,,,,,,,,,,,,,,,,,,,,,,,,,,,,,,,,,,,,,,,,,,,,,,,,,,,,,,,,,,,,,,,,,,,,61.02231952501461,None,61.02231952501461,None,space,0.28976836707443,61.02231952501461,None,,,,,,,,,,,,,,,,,,,,,,,,,,,,,,,,,,,,,,,,,,,,,,chocolate,0,1,0,1,1,0,0,2020_Jan_06_1643,body_behavioural,3.2.1,59.937324200186914,
7,0,0,0,0,,,,,,,,,,,,,,,,,,,,,,,,,,,,,0,7,7,7,,,,,,,,,,,,,,,,,,,,,,,,,,,,,,,,,,,,,,,,,,,,,,,,,,,,,,,,,,,,,,,,,,,,,,,,,,,,,,,,,,,,,,,,,,,,,,,,,,,,,,,,,,,,,,,,,,,,,,,,,,,,,,,,,,,,,,,,,,,,,,,,,,,,,,,,,,,,,,,,,,,,,,,,,,,,,,,,,,,,,,,,,,,,,,,,,,,,,,,,,,,,,,,,,,,,,,,,,,,,,,,,,,,,,,,,,,,,,,,,,,,,,,,,,,,,,,,,,,,,,,,chocolate,0,1,0,1,1,0,0,2020_Jan_06_1643,body_behavioural,3.2.1,59.937324200186914,
,0,0,0,0,,,,,,,,,,,,,,,,,,,,,,,,,,,,,,,,,,,,,,,,,,,,,,,,,,,,,,,,,,,,,,,,,,,,,,,,,,,,,,,,,,,,,,,,,,,,,,,,,,,,,,,,,,,,,,,,,,,,,,,,,,,,,,,,,,,,,,,,,,,,,,,,,,,,,,,,,,,,,,,,,,,,,,,,,,,,,,,,,,,,,,,,,,,,,,,,,,,,,,,,,,,,,,,,,,,,,,,,,,,,,,,,,,,,,,,,,,,,,,,,,,,,,,,,,,,,,,,,,,,,,,,,,,,,,,,,,,,,,,,,,,,,,,,,,,,,,,,chocolate,0,1,0,1,1,0,0,2020_Jan_06_1643,body_behavioural,3.2.1,59.937324200186914,
,,,,,,,,,,,,,,,,,,,,,,,,,,,,,,,,,,,,,,,,,,,,,,,,,,,,,,,,,,,,,,,,,,,,,,,,,,,,,,,,,,,,,,,,,,,,,,,,,,,,,,,,,,,,,,,,,,,,,,,,,,,,,,,,,,,,,,,,,,,,,,,,,,,,,,,,,,,,,,,,,,,,,,,,,,,,,,,,,,,,,,,,,,,,,,,,,,,,,,,,,,,,,,,,,,,,,,,,,,,,,,,,,,,,,,,,,,,,,,,,,,,,,,,,,,,,,,48.02294163405895,61.40467257308774,None,space,0.21940132300369442,61.40467257308774,None,,,,,,,,,,,,,,,,,,,,,,,,,,,,,,,,,,,,,,,chocolate,0,1,0,1,1,0,0,2020_Jan_06_1643,body_behavioural,3.2.1,59.937324200186914,
,,,,,,,,,,,,,,,,,,,,,,,,,,,,,,,,,,,,,,,,,,,,,,,,,,,,,,,,,,,,,,,,,,,,,,,,,,,,,,,,,,,,,,,,,,,,,,,62.654930172953755,None,5,2.2689240251202136,62.654930172953755,None,,,,,,,,,,,,,,,,,,,,,,,,,,,,,,,,,,,,,,,,,,,,,,,,,,,,,,,,,,,,,,,,,,,,,,,,,,,,,,,,,,,,,,,,,,,,,,,,,,,,,,,,,,,,,,,,,,,,,,,,,,,,,,,,,,,,,,,,,,,,,,,,,,,,,,,,,,,,,,,,,61.65498918504454,None,,,,,,,,,,,,,,,,,,,,,,,,,,,,,,,,,,,,,chocolate,0,1,0,1,1,0,0,2020_Jan_06_1643,body_behavioural,3.2.1,59.937324200186914,
0,,,,,,,,,,,,,,,,,,,,,,,,,,,,,,,,,,,,,,,,,,,,,,,,,,,,,,,,,,,,,,,,,0,0,0,0,,,,,0,0,0,0,,,,,,,,,,,,,,,,,,,,,,,,,49.305525021161884,,,,,,,,,,,,,,,,,,,,,,,,,,,,,,,,,,,,,,,,,,,,,,,,,,,,,,,,,,,,,,,,,,,,,,,,,,,,,,,,,,,,,,,,,,,,,,,,,,,,,,,,,,,,,,,,,,,,,,,,,,,,,,,,,,,,,,,,,,,,,,,,,,,,,,,,,,,,,,,,,,64.98831975297071,None,space,0.2226155169773847,64.98831975297071,None,64.98831975297071,None,64.98831975297071,None,0.28578493488021195,0.5991646598558873,65.3219306031242,None,65.3219306031242,None,/Users/alexreblando/Documents/GitHub/ebs/fMRI experiment/data/chocolate_body_behavioural_2020_Jan_06_1643_wav/recall_audio-1578347081.328.wav,0.007532690651714802,None,space,0.2051775250583887,65.3219306031242,None,,,,,,,,,,,,,,chocolate,0,1,0,1,1,0,0,2020_Jan_06_1643,body_behavioural,3.2.1,59.937324200186914,
0,,,,,,,,,,,,,,,,,,,,,,,,,,,,,,,,,,,,,,,,,,,,,,,,,,,,,,,,,,,,,,,,,0,0,0,0,,,,,,,,,,,,,,,,,,,,,,,,,,,,,,,,,,,,,,,,,,,,,,,,,,,,,,,,,,,,,,,,,,,,,,,,,,,,,,,,,,,,,,,,,,,,,,,,,,,,,,,,,,,,,,,,,,,,,,,,,,,,,,,,,,,,,,,,,,,,,,,,,,,,,,,,,,,,,,,,,,,,,,,,,,,,,,,,,,,,,,,,,,,,,,,,,,,,,,,,,,,,,,,,,,,,,,,,,,,,,,,,,,,,,,,chocolate,0,1,0,1,1,0,0,2020_Jan_06_1643,body_behavioural,3.2.1,59.937324200186914,
1,,,,,,,,,,,,,,,,,,,,,,,,,,,,,,,,,,,,,,,,,,,,,,,,,,,,,,,,,,,,,,,,,0,1,1,1,,,,,,,,,,,,,,,,,,,,,,,,,,,,,,,,,,,,,,,,,,,,,,,,,,,,,,,,,,,,,,,,,,,,,,,,,,,,,,,,,,,,,,,,,,,,,,,,,,,,,,,,,,,,,,,,,,,,,,,,,,,,,,,,,,,,,,,,,,,,,,,,,,,,,,,,,,,,,,,,,,,,,,,,,,,,,,,,,,,,,,,,,,,,,,,,,,,,,,,,,,,,,,,,,,,,,,,,,,,,,,,,,,,,,,,chocolate,0,1,0,1,1,0,0,2020_Jan_06_1643,body_behavioural,3.2.1,59.937324200186914,
2,,,,,,,,,,,,,,,,,,,,,,,,,,,,,,,,,,,,,,,,,,,,,,,,,,,,,,,,,,,,,,,,,0,2,2,2,,,,,0,0,0,0,,,,,,,,,,,,,,,,,,,,,,,,,,,,,,,,,,,,,,,,,,,,,,,,,,,,,,,,,,,,,,,,,,,,,,,,,,,,,,,,,,,,,,,,,,,,,,,,,,,,,,,,,,,,,,,,,,,,,,,,,,,,,,,,,,,,,,,,,,,,,,,,,,,,,,,,,,,,,,,,,,,,,,,,,,,,,,,,,,,,,,,,,,,65.68837222503498,None,space,0.581630561966449,65.68837222503498,None,65.68837222503498,None,65.68837222503498,None,1.3355045670177788,1.8324683690443635,66.35506408312358,None,66.35506408312358,None,/Users/alexreblando/Documents/GitHub/ebs/fMRI experiment/data/chocolate_body_behavioural_2020_Jan_06_1643_wav/recall_audio-1578347082.356.wav,0.001593476627022028,None,space,0.4029008948709816,66.35506408312358,None,,,,,,,,,,,,,,chocolate,0,1,0,1,1,0,0,2020_Jan_06_1643,body_behavioural,3.2.1,59.937324200186914,
2,,,,,,,,,,,,,,,,,,,,,,,,,,,,,,,,,,,,,,,,,,,,,,,,,,,,,,,,,,,,,,,,,0,2,2,2,,,,,,,,,,,,,,,,,,,,,,,,,,,,,,,,,,,,,,,,,,,,,,,,,,,,,,,,,,,,,,,,,,,,,,,,,,,,,,,,,,,,,,,,,,,,,,,,,,,,,,,,,,,,,,,,,,,,,,,,,,,,,,,,,,,,,,,,,,,,,,,,,,,,,,,,,,,,,,,,,,,,,,,,,,,,,,,,,,,,,,,,,,,,,,,,,,,,,,,,,,,,,,,,,,,,,,,,,,,,,,,,,,,,,,,chocolate,0,1,0,1,1,0,0,2020_Jan_06_1643,body_behavioural,3.2.1,59.937324200186914,
3,,,,,,,,,,,,,,,,,,,,,,,,,,,,,,,,,,,,,,,,,,,,,,,,,,,,,,,,,,,,,,,,,0,3,3,3,,,,,0,0,0,0,,,,,,,,,,,,,,,,,,,,,,,,,,,,,,,,,,,,,,,,,,,,,,,,,,,,,,,,,,,,,,,,,,,,,,,,,,,,,,,,,,,,,,,,,,,,,,,,,,,,,,,,,,,,,,,,,,,,,,,,,,,,,,,,,,,,,,,,,,,,,,,,,,,,,,,,,,,,,,,,,,,,,,,,,,,,,,,,,,,,,,,,,,,66.87340593803674,None,space,1.1952614800538868,66.87340593803674,None,66.87340593803674,None,66.87340593803674,None,3.135937536833808,3.5999728699680418,68.15567499399185,None,68.15567499399185,None,/Users/alexreblando/Documents/GitHub/ebs/fMRI experiment/data/chocolate_body_behavioural_2020_Jan_06_1643_wav/recall_audio-1578347084.157.wav,0.0003684277180582285,None,space,0.3729123470839113,68.15567499399185,None,,,,,,,,,,,,,,chocolate,0,1,0,1,1,0,0,2020_Jan_06_1643,body_behavioural,3.2.1,59.937324200186914,
3,,,,,,,,,,,,,,,,,,,,,,,,,,,,,,,,,,,,,,,,,,,,,,,,,,,,,,,,,,,,,,,,,0,3,3,3,,,,,,,,,,,,,,,,,,,,,,,,,,,,,,,,,,,,,,,,,,,,,,,,,,,,,,,,,,,,,,,,,,,,,,,,,,,,,,,,,,,,,,,,,,,,,,,,,,,,,,,,,,,,,,,,,,,,,,,,,,,,,,,,,,,,,,,,,,,,,,,,,,,,,,,,,,,,,,,,,,,,,,,,,,,,,,,,,,,,,,,,,,,,,,,,,,,,,,,,,,,,,,,,,,,,,,,,,,,,,,,,,,,,,,,chocolate,0,1,0,1,1,0,0,2020_Jan_06_1643,body_behavioural,3.2.1,59.937324200186914,
4,,,,,,,,,,,,,,,,,,,,,,,,,,,,,,,,,,,,,,,,,,,,,,,,,,,,,,,,,,,,,,,,,0,4,4,4,,,,,0,0,0,0,,,,,,,,,,,,,,,,,,,,,,,,,,,,,,,,,,,,,,,,,,,,,,,,,,,,,,,,,,,,,,,,,,,,,,,,,,,,,,,,,,,,,,,,,,,,,,,,,,,,,,,,,,,,,,,,,,,,,,,,,,,,,,,,,,,,,,,,,,,,,,,,,,,,,,,,,,,,,,,,,,,,,,,,,,,,,,,,,,,,,,,,,,,68.6562745119445,None,space,0.3772683700080961,68.6562745119445,None,68.6562745119445,None,68.6562745119445,None,4.10672898683697,4.516943417023867,69.13845099997707,None,69.13845099997707,None,/Users/alexreblando/Documents/GitHub/ebs/fMRI experiment/data/chocolate_body_behavioural_2020_Jan_06_1643_wav/recall_audio-1578347085.140.wav,-0.0008090233895927668,None,space,0.3141640219837427,69.13845099997707,None,,,,,,,,,,,,,,chocolate,0,1,0,1,1,0,0,2020_Jan_06_1643,body_behavioural,3.2.1,59.937324200186914,
4,,,,,,,,,,,,,,,,,,,,,,,,,,,,,,,,,,,,,,,,,,,,,,,,,,,,,,,,,,,,,,,,,0,4,4,4,,,,,,,,,,,,,,,,,,,,,,,,,,,,,,,,,,,,,,,,,,,,,,,,,,,,,,,,,,,,,,,,,,,,,,,,,,,,,,,,,,,,,,,,,,,,,,,,,,,,,,,,,,,,,,,,,,,,,,,,,,,,,,,,,,,,,,,,,,,,,,,,,,,,,,,,,,,,,,,,,,,,,,,,,,,,,,,,,,,,,,,,,,,,,,,,,,,,,,,,,,,,,,,,,,,,,,,,,,,,,,,,,,,,,,,chocolate,0,1,0,1,1,0,0,2020_Jan_06_1643,body_behavioural,3.2.1,59.937324200186914,
5,,,,,,,,,,,,,,,,,,,,,,,,,,,,,,,,,,,,,,,,,,,,,,,,,,,,,,,,,,,,,,,,,0,5,5,5,,,,,0,0,0,0,,,,,,,,,,,,,,,,,,,,,,,,,,,,,,,,,,,,,,,,,,,,,,,,,,,,,,,,,,,,,,,,,,,,,,,,,,,,,,,,,,,,,,,,,,,,,,,,,,,,,,,,,,,,,,,,,,,,,,,,,,,,,,,,,,,,,,,,,,,,,,,,,,,,,,,,,,,,,,,,,,,,,,,,,,,,,,,,,,,,,,,,,,,69.55614405404776,None,space,0.3045956180430949,69.55614405404776,None,69.55614405404776,None,69.55614405404776,None,4.935907962964848,5.28394575486891,69.93887029308826,None,69.93887029308826,None,/Users/alexreblando/Documents/GitHub/ebs/fMRI experiment/data/chocolate_body_behavioural_2020_Jan_06_1643_wav/recall_audio-1578347086.940.wav,0.0036957093980163336,None,space,0.28296913485974073,69.93887029308826,None,,,,,,,,,,,,,,chocolate,0,1,0,1,1,0,0,2020_Jan_06_1643,body_behavioural,3.2.1,59.937324200186914,
5,,,,,,,,,,,,,,,,,,,,,,,,,,,,,,,,,,,,,,,,,,,,,,,,,,,,,,,,,,,,,,,,,0,5,5,5,,,,,,,,,,,,,,,,,,,,,,,,,,,,,,,,,,,,,,,,,,,,,,,,,,,,,,,,,,,,,,,,,,,,,,,,,,,,,,,,,,,,,,,,,,,,,,,,,,,,,,,,,,,,,,,,,,,,,,,,,,,,,,,,,,,,,,,,,,,,,,,,,,,,,,,,,,,,,,,,,,,,,,,,,,,,,,,,,,,,,,,,,,,,,,,,,,,,,,,,,,,,,,,,,,,,,,,,,,,,,,,,,,,,,,,chocolate,0,1,0,1,1,0,0,2020_Jan_06_1643,body_behavioural,3.2.1,59.937324200186914,
6,,,,,,,,,,,,,,,,,,,,,,,,,,,,,,,,,,,,,,,,,,,,,,,,,,,,,,,,,,,,,,,,,0,6,6,6,,,,,0,0,0,0,,,,,,,,,,,,,,,,,,,,,,,,,,,,,,,,,,,,,,,,,,,,,,,,,,,,,,,,,,,,,,,,,,,,,,,,,,,,,,,,,,,,,,,,,,,,,,,,,,,,,,,,,,,,,,,,,,,,,,,,,,,,,,,,,,,,,,,,,,,,,,,,,,,,,,,,,,,,,,,,,,,,,,,,,,,,,,,,,,,,,,,,,,,70.32259842311032,None,space,0.24590704310685396,70.32259842311032,None,70.32259842311032,None,70.32259842311032,None,5.635146526852623,6.016090984921902,70.65626808814704,None,70.65626808814704,None,/Users/alexreblando/Documents/GitHub/ebs/fMRI experiment/data/chocolate_body_behavioural_2020_Jan_06_1643_wav/recall_audio-1578347087.657.wav,0.0075962289702147245,None,space,0.28925277991220355,70.65626808814704,None,,,,,,,,,,,,,,chocolate,0,1,0,1,1,0,0,2020_Jan_06_1643,body_behavioural,3.2.1,59.937324200186914,
6,,,,,,,,,,,,,,,,,,,,,,,,,,,,,,,,,,,,,,,,,,,,,,,,,,,,,,,,,,,,,,,,,0,6,6,6,,,,,,,,,,,,,,,,,,,,,,,,,,,,,,,,,,,,,,,,,,,,,,,,,,,,,,,,,,,,,,,,,,,,,,,,,,,,,,,,,,,,,,,,,,,,,,,,,,,,,,,,,,,,,,,,,,,,,,,,,,,,,,,,,,,,,,,,,,,,,,,,,,,,,,,,,,,,,,,,,,,,,,,,,,,,,,,,,,,,,,,,,,,,,,,,,,,,,,,,,,,,,,,,,,,,,,,,,,,,,,,,,,,,,,,chocolate,0,1,0,1,1,0,0,2020_Jan_06_1643,body_behavioural,3.2.1,59.937324200186914,
7,,,,,,,,,,,,,,,,,,,,,,,,,,,,,,,,,,,,,,,,,,,,,,,,,,,,,,,,,,,,,,,,,0,7,7,7,,,,,,,,,,,,,,,,,,,,,,,,,,,,,,,,,,,,,,,,,,,,,,,,,,,,,,,,,,,,,,,,,,,,,,,,,,,,,,,,,,,,,,,,,,,,,,,,,,,,,,,,,,,,,,,,,,,,,,,,,,,,,,,,,,,,,,,,,,,,,,,,,,,,,,,,,,,,,,,,,,,,,,,,,,,,,,,,,,,,,,,,,,,,,,,,,,,,,,,,,,,,,,,,,,,,,,,,,,,,,,,,,,,,,,,chocolate,0,1,0,1,1,0,0,2020_Jan_06_1643,body_behavioural,3.2.1,59.937324200186914,
,,,,,,,,,,,,,,,,,,,,,,,,,,,,,,,,,,,,,,,,,,,,,,,,,,,,,,,,,,,,,,,,,,,,,,,,,,,,,,,,,,,,,,,,,,,,,,,72.07231048797257,None,5,1.0342170749790967,72.07231048797257,None,,,,,,,,,,,,,,,,,,,,,,,,,,,,,,,,,,,,,,,,,,,,,,,,,,,,,,,,,,,,,,,,,,,,,,,,,,,,,,,,,,,,,,,,,,,,,,,,,,,,,,,,,,,,,,,,,,,,,,,,,,,,,,,,,,,,,,,,,,,,,,,,,,,,,,,,,,,,,,,,,,,,,,,,,,,,,,,,,,,,,,,,,,71.13873227802105,None,,,,,,,,,,,,chocolate,0,1,0,1,1,0,0,2020_Jan_06_1643,body_behavioural,3.2.1,59.937324200186914,
0,,,,,,,,,,,,,,,,,,,,,,,,,,,,,,,,,,,,,,,,,,,,,,,,,,,,,,,,,,,,,,,,,,,,,,,,,,,,,0,0,0,0,,,,,,,,,,,,,,,,,,,,,57.47286988119595,,,,,,,,,,,,,,,,,,,,,,,,,,,,,,,,,,,,,,,,,,,,,,,,,,,,,,,,,,,,,,,,,,,,,,,,,,,,,,,,,,,,,,,,,,,,,,,,,,,,,,,,,,,,,,,,,,,,,,,,,,,,,,,,,,,,,,,,,,,,,,,,,,,,,,,,,,,,,,,,,,,,,,,,,,,,,,,,,,,,,,,,,,,,,,,,,,,,,,chocolate,0,1,0,1,1,0,0,2020_Jan_06_1643,body_behavioural,3.2.1,59.937324200186914,
1,,,,,,,,,,,,,,,,,,,,,,,,,,,,,,,,,,,,,,,,,,,,,,,,,,,,,,,,,,,,,,,,,,,,,,,,,,,,,0,1,1,1,,,,,0,0,0,0,,,,,,,,,,,,,,,,,,,,,,,,,,,,,,,,,,,,,,,,,,,,,,,,,,,,,,,,,,,,,,,,,,,,,,,,,,,,,,,,,,,,,,,,,,,,,,,,,,,,,,,,,,,,,,,,,,,,,,,,,,,,,,,,,,,,,,,,,,,,,,,,,,,,,,,,,,,,,,,,,,,,,,,,,,,,,,,73.25662335311063,None,space,0.2667792830616236,73.25662335311063,None,73.25662335311063,None,73.25662335311063,None,0.43498351285234094,0.7488923219498247,,,,,,,,,,,,,,73.60684469295666,None,73.60684469295666,None,/Users/alexreblando/Documents/GitHub/ebs/fMRI experiment/data/chocolate_body_behavioural_2020_Jan_06_1643_wav/recall_audio_2-1578347090.608.wav,0.004112619673833251,None,space,0.24767183978110552,73.60684469295666,None,chocolate,0,1,0,1,1,0,0,2020_Jan_06_1643,body_behavioural,3.2.1,59.937324200186914,
